{
"lengthUnit": "mil",
"remark": [],
"components": {
	"fields": ["COMPONENT_NO", "COMPONENT_NAME", "LAYER", "X_COORDINATE", "Y_COORDINATE", "ANGLE"],
	"rows": [
		[1, "CONN", "T", 135, -255.9095, 270],
		[2, "LED", "T", 297.165, -126.9346, 0],
		[3, "OLED", "T", 355, -255, 0],
		[4, "R1", "T", 295, -185, 0],
		[5, "R2", "T", 320, -304.606, 270],
		[6, "S", "T", 1870, -330.5903, 90],
		[7, "PAD1", "T", 197.01, -280.5145, 0],
		[8, "PAD2", "T", 197.01, -231.2945, 0],
		[9, "PAD3", "T", 197.01, -182.0845, 0],
		[10, "PAD4", "T", 197.01, -132.8745, 0],
		[11, "PAD5", "T", 197.01, -329.7345, 0],
		[12, "PAD6", "T", 197.01, -378.9345, 0],
		[13, "PAD7", "T", 263.665, -127.3346, 0],
		[14, "PAD8", "T", 326.665, -127.1346, 0],
		[15, "PAD9", "T", 414.055, -404.606, 0],
		[16, "PAD9", "B", 414.055, -404.606, 0],
		[17, "PAD10", "T", 414.055, -304.606, 0],
		[18, "PAD10", "B", 414.055, -304.606, 0],
		[19, "PAD11", "T", 414.055, -204.606, 0],
		[20, "PAD11", "B", 414.055, -204.606, 0],
		[21, "PAD12", "T", 414.055, -104.606, 0],
		[22, "PAD12", "B", 414.055, -104.606, 0],
		[23, "PAD13", "T", 324.66, -185, 0],
		[24, "PAD14", "T", 265.34, -185, 0],
		[25, "PAD15", "T", 320, -334.266, 0],
		[26, "PAD16", "T", 320, -274.946, 0],
		[27, "PAD17", "T", 1990.0787, -94.3698, 0],
		[28, "PAD18", "T", 1990.0787, -330.5903, 0]
	]
},
"pins": {
	"fields": ["PIN_NO", "PIN_NAME", "PIN_X", "PIN_Y", "LAYER", "PIN_TYPE", "NET_NAME", "NET_TYPE", "PAD_SHAPE", "PAD_SIZEX", "PAD_SIZEY", "HOLE_SIZE", "HOLE_LEN", "PAD_ANGLE"],
	"rows": [
		[1, "CONN_1", 197.01, -132.8745, "T", "SMD", "GND", "GND", "R", 23.622, 66.929, 0, 0, 270],
		[2, "CONN_2", 197.01, -182.0845, "T", "SMD", "OLED_SDA", "", "R", 23.622, 66.929, 0, 0, 270],
		[3, "CONN_3", 197.01, -231.2945, "T", "SMD", "OLED_SCL", "", "R", 23.622, 66.929, 0, 0, 270],
		[4, "CONN_4", 197.01, -280.5145, "T", "SMD", "LED", "", "R", 23.622, 66.929, 0, 0, 270],
		[5, "CONN_5", 197.01, -329.7345, "T", "SMD", "KEY", "", "R", 23.622, 66.929, 0, 0, 270],
		[6, "CONN_6", 197.01, -378.9345, "T", "SMD", "5V", "", "R", 23.622, 66.929, 0, 0, 270],
		[7, "CONN_7", 72.99, -451.7745, "T", "SMD", "NET_1", "", "R", 39.37, 110.236, 0, 0, 270],
		[8, "CONN_8", 72.99, -60.0445, "T", "SMD", "NET_2", "", "R", 39.37, 110.236, 0, 0, 270],
		[9, "LED_1", 263.665, -127.3346, "T", "SMD", "$1N122", "", "R", 31.5, 31.5, 0, 0, 90],
		[10, "LED_2", 326.665, -127.1346, "T", "SMD", "LED", "", "R", 31.5, 31.5, 0, 0, 90],
		[11, "OLED_1", 414.055, -404.606, "T", "DIP", "GND", "GND", "R", 62.992, 62.992, 32, 32, 90],
		[12, "OLED_1", 414.055, -404.606, "B", "DIP", "GND", "GND", "R", 62.992, 62.992, 32, 32, 90],
		[13, "OLED_2", 414.055, -304.606, "T", "DIP", "$1N423", "", "C", 62.992, 62.992, 32, 32, 90],
		[14, "OLED_2", 414.055, -304.606, "B", "DIP", "$1N423", "", "C", 62.992, 62.992, 32, 32, 90],
		[15, "OLED_3", 414.055, -204.606, "T", "DIP", "OLED_SCL", "", "C", 62.992, 62.992, 32, 32, 90],
		[16, "OLED_3", 414.055, -204.606, "B", "DIP", "OLED_SCL", "", "C", 62.992, 62.992, 32, 32, 90],
		[17, "OLED_4", 414.055, -104.606, "T", "DIP", "OLED_SDA", "", "C", 62.992, 62.992, 32, 32, 90],
		[18, "OLED_4", 414.055, -104.606, "B", "DIP", "OLED_SDA", "", "C", 62.992, 62.992, 32, 32, 90],
		[19, "R1_1", 265.34, -185, "T", "SMD", "$1N122", "", "R", 31.751, 34.016, 0, 0, 0],
		[20, "R1_2", 324.66, -185, "T", "SMD", "GND", "GND", "R", 31.751, 34.016, 0, 0, 0],
		[21, "R2_1", 320, -274.946, "T", "SMD", "$1N423", "", "R", 31.751, 34.016, 0, 0, 270],
		[22, "R2_2", 320, -334.266, "T", "SMD", "5V", "", "R", 31.751, 34.016, 0, 0, 270],
		[23, "S_1", 1990.0787, -330.5903, "T", "SMD", "KEY", "", "R", 78.7402, 78.7402, 0, 0, 90],
		[24, "S_2", 1990.0787, -94.3698, "T", "SMD", "5V", "", "R", 78.7402, 78.7402, 0, 0, 90],
		[25, "PAD1_4", 197.01, -280.5145, "T", "SMD", "LED", "", "R", 23.622, 66.929, 0, 0, 270],
		[26, "PAD2_3", 197.01, -231.2945, "T", "SMD", "OLED_SCL", "", "R", 23.622, 66.929, 0, 0, 270],
		[27, "PAD3_2", 197.01, -182.0845, "T", "SMD", "OLED_SDA", "", "R", 23.622, 66.929, 0, 0, 270],
		[28, "PAD4_1", 197.01, -132.8745, "T", "SMD", "GND", "GND", "R", 23.622, 66.929, 0, 0, 270],
		[29, "PAD5_5", 197.01, -329.7345, "T", "SMD", "KEY", "", "R", 23.622, 66.929, 0, 0, 270],
		[30, "PAD6_6", 197.01, -378.9345, "T", "SMD", "5V", "", "R", 23.622, 66.929, 0, 0, 270],
		[31, "PAD7_1", 263.665, -127.3346, "T", "SMD", "$1N122", "", "R", 31.5, 31.5, 0, 0, 90],
		[32, "PAD8_2", 326.665, -127.1346, "T", "SMD", "LED", "", "R", 31.5, 31.5, 0, 0, 90],
		[33, "PAD9_1", 414.055, -404.606, "T", "DIP", "GND", "GND", "R", 62.992, 62.992, 32, 32, 90],
		[34, "PAD9_1", 414.055, -404.606, "B", "DIP", "GND", "GND", "R", 62.992, 62.992, 32, 32, 90],
		[35, "PAD10_2", 414.055, -304.606, "T", "DIP", "$1N423", "", "C", 62.992, 62.992, 32, 32, 90],
		[36, "PAD10_2", 414.055, -304.606, "B", "DIP", "$1N423", "", "C", 62.992, 62.992, 32, 32, 90],
		[37, "PAD11_3", 414.055, -204.606, "T", "DIP", "OLED_SCL", "", "C", 62.992, 62.992, 32, 32, 90],
		[38, "PAD11_3", 414.055, -204.606, "B", "DIP", "OLED_SCL", "", "C", 62.992, 62.992, 32, 32, 90],
		[39, "PAD12_4", 414.055, -104.606, "T", "DIP", "OLED_SDA", "", "C", 62.992, 62.992, 32, 32, 90],
		[40, "PAD12_4", 414.055, -104.606, "B", "DIP", "OLED_SDA", "", "C", 62.992, 62.992, 32, 32, 90],
		[41, "PAD13_2", 324.66, -185, "T", "SMD", "GND", "GND", "R", 31.751, 34.016, 0, 0, 0],
		[42, "PAD14_1", 265.34, -185, "T", "SMD", "$1N122", "", "R", 31.751, 34.016, 0, 0, 0],
		[43, "PAD15_2", 320, -334.266, "T", "SMD", "5V", "", "R", 31.751, 34.016, 0, 0, 270],
		[44, "PAD16_1", 320, -274.946, "T", "SMD", "$1N423", "", "R", 31.751, 34.016, 0, 0, 270],
		[45, "PAD17_2", 1990.0787, -94.3698, "T", "SMD", "5V", "", "R", 78.7402, 78.7402, 0, 0, 90],
		[46, "PAD18_1", 1990.0787, -330.5903, "T", "SMD", "KEY", "", "R", 78.7402, 78.7402, 0, 0, 90]
	]
}
}